Date,Title
2021-01-25,The GameStop Game Never Stops
2021-01-26,The GameStop Fiasco Proves We're in a 'Meme Stock' Bubble
2021-01-27,The complete moron's guide to GameStop's stock roller coaster
2021-01-27,Steven Cohen's Point72 invests $750 million in hedge fund caught in GameStop stock surge
2021-01-28,"The Whole Messy, Ridiculous GameStop Saga in One Sentence"
2021-01-28,GameStop Stock Soars as Reddit Investors Take On Wall St.
2021-01-28,Robinhood CEO speaks to Cuomo after GameStop stock chaos
2021-01-28,"Robinhood restricts trading in GameStop, other names involved in frenzy"
2021-01-28,GameStop stock run gives it a bigger market cap than several actual video game companies
2021-01-28,"Reddit's WallStreetBets is back, taking on GameStop stock after intentional lockdown"
2021-01-28,How GameStop exposed the market
2021-01-28,"GameStop stocks are trending, but what does the store even sell?"
2021-01-28,"Nokia, GameStop: Trying to understand hectic stock market"
2021-01-28,"GameStop shares jump 68% on Friday, bringing gains for the week to 400%"
2021-01-28,Are WallStreetBets Reddit traders manipulating GameStop shares?
2021-01-28,Why did hedge funds short GameStop in the first place?
2021-01-28,Eve Online experienced its own GameStop-like short squeeze
2021-01-29,How Reddit posters made millions as Wall Street lost billions on GameStop's wild stock ride
2021-01-29,GameStop Makes This a Good Time to Rewatch 'The Big Short'
2021-01-29,"SEC vows to protect 'retail investors,' amid GameStop frenzy"
2021-01-29,GameStop Saga Shows the Final Boss Is Capitalism
2021-01-29,His risky bet made him a millionaire on paper. It could've gone very differently
2021-01-29,The Next GameStop? 25 Stocks With High Short Interest
2021-01-29,Perspective | The Gamestop bubble is an age-old financial craze with a modern twist
2021-01-29,GameStop's wild ride: how Reddit traders sparked a 'short squeeze'
2021-01-29,"Gabbing w/ Gamble: Gamestop, Reddit, Wall Street, and Mets Owner Steve Cohen"
2021-01-29,How Reddit explains the GameStop saga
2021-01-29,SEC Monitoring Stock Price Volatility as GameStop Shares Soar
2021-01-29,Traders from WallStreetBets trigger a giant short squeeze on GameStop stock : Planet Money
2021-01-29,WallStreetBets' founder on GameStop: 'I didn't think it would go this far'
2021-01-29,GameStop soars again; Wall Street bends under the pressure
2021-01-29,What's Behind the GameStop Craze? | BU Today
2021-01-29,Hedge funds and other short-sellers have lost an astounding amount betting against GameStop
2021-01-29,Webull CEO explains why trading was restricted amid the GameStop market mania
2021-01-29,Why The GameStop Story Isn't As Simple As David Versus Goliath
2021-01-29,"Robinhood, Citadel partnership likely to draw scrutiny after GameStop trading halt"
2021-01-29,"'Robin Hood' Groups Win New Fans, Thanks To GameStop Controversy"
2021-01-29,GameStop Story Provides These 7 Crisis Management Lessons For Business Leaders
2021-01-29,Elon Musk Joins GameStop Melee With More Jabs at Short Sellers
2021-01-29,"GameStop, AMC and the Stock Market’s Wild Ride This Week"
2021-01-29,Robinhood CEO refutes GameStop hedge fund 'conspiracy theory' and reveals what actually happened
2021-01-29,Traders from WallStreetBets trigger a giant short squeeze on GameStop stock : Planet Money
2021-01-29,The 'Roaring Kitty' Rally: How a Reddit User and His Friends Roiled the Markets (Published 2021)
2021-01-30,The GameStop saga was the inevitable result of SEC failures
2021-01-30,Opinion | The good guys in the GameStop story? It's the hedge funds and short sellers.
2021-01-30,GameStop drama captures attention of Charlotte titans
2021-01-30,Confused about this GameStop saga? Here are the 5 things you need to know
2021-01-30,Controversy Over GameStop’s Stock Market Saga Explained
2021-01-30,'Is this really happening right now?': A 10-year-old cashes in his GameStop shares
2021-01-30,A 10-year-old investor made big bucks on the GameStop shares he got for Kwanzaa
2021-01-30,"Short-Sellers Sitting on $19 Billion of Losses on GameStop, Data Shows"
2021-01-30,Brockton native Keith Gill caused GameStop $GME stock market to soar
2021-01-30,The Real Force Driving the GameStop Revolution
2021-01-30,The GameStop story — how a group of investors on Reddit gave Wall Street a wild week
2021-01-31,Reddit WallStreetBets Founder Calls GameStop Stock Frenzy A 'Symbolic Movement'
2021-01-31,How GameStop And An Army Of Reddit Traders Exposed The Riskiest Market In Decades
2021-01-31,The GameStop Stock Explosion Explained
2021-01-31,The GameStop short squeeze was 'the grand awakening': expert
2021-01-31,MGM Lands Rights To Ben Mezrich’s Book Proposal ‘The Antisocial Network’; Would Chronicle Recent Wall Street-GameStop Chaos
2021-01-31,An uprising against Wall Street? Hardly. GameStop was about the absurdity of the stock market
2021-01-31,"Melvin Capital Lost 53% in January, Hurt by GameStop and Other Bets - WSJ"
2021-02-01,Why the GameStop stock frenzy is likely to end in a financial crisis
2021-02-01,"Meet the 10-year-old who made $3,000 from GameStop stock"
2021-02-01,Elon Musk grills Robinhood boss over GameStop row on Clubhouse
2021-02-01,The Daily: The Gamestop Rebellion and Wall Street Showdown
2021-02-01,GameStop shares lose nearly a third of their value on Monday following 400% short-squeeze spike last week
2021-02-01,Hiltzik: The truth about the GameStop stock saga
2021-02-01,GameStop’s stock is booming but its retail stores can’t sell video games
2021-02-01,"Reddit's AMC, GameStop surge happened because of anger over Wall Street"
2021-02-01,"Netflix Finalizing GameStop Stock Movie Package; Mark Boal In Talks To Write, Noah Centineo Attached, Scott Galloway To Consult"
2021-02-01,A breakdown of the GameStop situation - The Washington Post
2021-02-01,Melvin Capital hedge fund lost 53% in the GameStop frenzy
2021-02-01,Nine Investors Instantly Make $16 Billion On GameStop Stock 'Squeeze'
2021-02-02,GameStop shares plunge as traders dump stock
2021-02-02,"As GameStop stock crumbles, newbie traders reckon with heavy losses"
2021-02-02,"GameStop Stock Plunges, Testing Resolve of Reddit Investors"
2021-02-02,Two Small-Time Investors Were Buying GameStop Stock Before It Was Cool
2021-02-02,A college student made big bucks off GameStop stock. Now he's donating video games to a children's hospital
2021-02-02,"Waters, Warren back probe of hedge funds' role in GameStop"
2021-02-02,"‘Hold The F—ing Line’: Unease Settles Over Reddit Traders As Gamestop, AMC Shares Plummet"
2021-02-02,What The GameStop Saga Reveals About Wall Street
2021-02-02,GameStop stock fizzles 80% from last week’s spectacular highs
2021-02-03,The Trading Valuation of GameStop Since the Market Frenzy
2021-02-03,Remembering the GameStop of My Childhood | SUPERJUMP
2021-02-03,Janet Yellen calls top regulator meeting to discuss GameStop volatility
2021-02-03,"Trader: Robinhood, Reddit/GameStop drama suggests Wall Street has a 'plumbing issue'"
2021-02-03,"Amid GameStop Frenzy, People Believe the Stock Market Is Stacked Against the Little Guy"
2021-02-03,"For One GameStop Trader, the Wild Ride Was Almost as Good as the Enormous Payoff"
2021-02-03,"Barstool Sports founder says he lost $700,000 in GameStop rally"
2021-02-03,The GameStop Rally Exposed the Perils of 'Meme Populism'
2021-02-03,20-year-old GameStop investor donates part of windfall to children's hospital
2021-02-03,"GameStop may not be the David and Goliath story you think, researcher says"
2021-02-04,"What Just Happened? The GameStop Frenzy, Legal Questions, and Lessons for Companies"
2021-02-04,How GameStop got kids interested in stocks for the first time - The Washington Post
2021-02-04,How to Make Sense of GameStop? The Internet Turns to Beer and Puppets
2021-02-04,Opinion | Are GameStop’s ‘Degenerates’ Just Getting Started?
2021-02-04,Elon Musk's GameStop tweet led hedge fund to exit with $700M profit
2021-02-04,GameStop booster did well; many devotees won't as shares sag
2021-02-04,"Opinion | The GameStop Chaos Is Coming for Politics, Too"
2021-02-04,Reddit And GameStop Lessons: Former SEC Enforcement Chief Explains Stock Manipulation And How To Avoid Trouble
2021-02-04,Reddit Traders Have Lost Millions Over GameStop. But Many Are Refusing To Quit.
2021-02-05,"GameStop mania may not have been the retail trader rebellion it was perceived to be, data shows"
2021-02-05,GameStop Mania Likely Won't Happen Again. Here's How To Invest Wisely
2021-02-05,'Stop f---ing selling!!!' WallStreetBets Redditors go ballistic over GameStop's sinking share price
2021-02-05,GameStop's Billionaire Investor Explains Why He First Bought The Stock—And Isn't Buying More (Right Now)
2021-02-05,How the government might react to GameStop
2021-02-05,"Did Robinhood, and others, make the right call on GameStop?"
2021-02-05,'Moment of weakness': Amateur investors left counting GameStop losses
2021-02-06,"More bubbles, less shorting. What the GameStop craziness could mean for the future of investing"
2021-02-06,A Bigger Risk Than GameStop? Beware the Ponzi Scheme Next Door (Published 2021)
2021-02-07,GameStop Frenzy Is Tough Call for Regulators Focused on Transparency
2021-02-07,The GameStop Stock Saga: A Postmortem
2021-02-08,GameStop (GME) Share Price: Lessons for Playing a Hot Stock Market
2021-02-08,Reddit CEO Steve Huffman supports r/WallStreetBets for GameStop rally
2021-02-08,"GameStop saga: Gen Z uses sites like Reddit, TikTok against the rich"
2021-02-08,The Hopes That Rose and Fell With GameStop (Published 2021)
2021-02-08,Winners of the GameStop rally included wealthy Wall Street hedge funds
2021-02-08,The GameStop Aftermath: The Rise Of The Anti-Robinhoods
2021-02-09,28% of Americans bought GameStop or other viral stocks in January
2021-02-09,"After GameStop, A Better Way To Take On Wall Street?"
2021-02-09,Investigations Into GameStop Trading And Reddit: Former SEC Enforcement Chief Provides Insights
2021-02-09,"A Republican senator's son made GameStop trades, per disclosure"
2021-02-09,RUFFOLO: GameStop scandal showcases limited free market in U.S.
2021-02-09,The GameStop Saga: To the Moon and Back
2021-02-09,GameStop breaks below $50 a share as short squeeze comes to an end
2021-02-10,Fidelity Cashes In Most of GameStop Stake
2021-02-10,GameStop May Thrive After Gamestonk Saga Thanks to Chewy's Founder
2021-02-11,The Rise and Fall of the GameStop Frenzy
2021-02-11,GameStop Mania Is Focus of Federal Probes Into Possible Manipulation - WSJ
2021-02-11,There are now five GameStop movies and two TV shows in development because stonks
2021-02-12,US prosecutors launch criminal probe into GameStop mania: WSJ
2021-02-12,Short Sellers Still Love to Hate GameStop
2021-02-12,Reddit's 'Roaring Kitty' Will Speak at GameStop Hearing (Published 2021)
2021-02-12,The New GameStop Millionaires: Meet The Amateur Traders Who Won Investing's Craziest Sweepstakes Ever
2021-02-13,A Week Inside the WallStreetBets Forum That Launched the GameStop Frenzy
2021-02-13,GameStop timeline: A closer look at the saga that upended Wall Street
2021-02-15,GameStop Investors Who Bet Big—and Lost Big
2021-02-16,What Really Happened When Robinhood Suspended GameStop Trading
2021-02-16,"Michael Burry, The Hedge Fund Genius Who Started GameStop’s 4,000% Rise, Sold Before Its Reddit Surge"
2021-02-17,Redditor who helped lead GameStop stock rally sued in federal court
2021-02-17,US investor ‘Roaring Kitty’ sued over GameStop rally
2021-02-17,Reddit's lead GameStop hypebeast is being sued for his role in the stock surge
2021-02-17,"Redditor who sent GameStop stock to the moon is sued, accused of market manipulation"
2021-02-17,Interactive Brokers' Thomas Peterffy on GameStop hearing
2021-02-17,Melvin Capital Says It Was Short GameStop Since 2014
2021-02-17,"'Roaring Kitty' sued, accused of securities fraud over GameStop rise"
2021-02-17,Reddit user behind GameStop saga releases opening statement ahead of hearing
2021-02-18,Melvin Capital Added to GameStop Shorts as WallStreetBets Took Aim
2021-02-18,"GameStop hearing filled with heated exchanges, technical problems"
2021-02-18,"Winter storm, GameStop hearing, NASA's Perseverance to land on Mars: 5 things to know Thursday"
2021-02-18,GameStop: Brockton's Keith Gill testifies to Congress about $GME stock
2021-02-18,"Meet Keith Gill, the GameStop Stock Investor Who Rattled Wall Street"
2021-02-18,Trading hot stocks like GameStop seems fun until you look beneath the surface
2021-02-18,Robinhood-GameStop hearing will scrutinize how brokerages get paid for trades
2021-02-18,US lawmakers set to grill GameStop saga's key players
2021-02-18,Robinhood CEO defends actions in GameStop saga at hearing
2021-02-18,"In GameStop Saga, Robinhood Is Cast as the Villain (Published 2021)"
2021-02-18,"When Ted Cruz and A.O.C. Agree: Yes, the Politics of GameStop Are Confusing (Published 2021)"
2021-02-18,"GameStop hearing looks at Robinhood, day trading, and short selling"
2021-02-18,How were more than 100% of GameStop's shares shorted?
2021-02-18,"Keith Gill, aka ‘Roaring Kitty,’ testified to Congress on the GameStop saga. Here’s what happened."
2021-02-18,"GameStop Congressional hearing: Here's what to expect when Robinhood, Reddit CEOs testify"
2021-02-19,'I like the stock' and 'I am not a cat' --- see the GameStop hearing highlights
2021-02-19,The story behind Robinhood's decision to halt GameStop buying
2021-02-19,GameStop hearing paints Silicon Valley as public enemy #1
2021-02-21,WATCH: Robinhood CEO Testifies Before Congress in GameStop Probe
2021-02-21,"What happened with GameStop, explained – The Voyager"
2021-02-22,'Roaring Kitty' references cat-lawyer meme in GameStop hearing
2021-02-23,Owen faculty reflect on GameStop stock price surge and the future of community retail investing
2021-02-24,GameStop shares soar more than 100% amid executive shuffle
2021-02-24,Why We Shouldn't Bet Against GameStop
2021-02-24,GameStop shares surge more than 100%
2021-02-24,GameStop's chief financial officer steps down after stock market saga
2021-02-24,Charlie Munger on Robinhood and GameStop frenzy: 'It's a dirty way to make money'
2021-02-24,GameStop CFO resigns a month after the Reddit trading frenzy
2021-02-24,"GameStop Shares Surge 100% In A Day, Reddit Group Rejoices"
2021-02-25,Was the GameStop Frenzy an Artwork?
2021-02-25,What the GameStop Hearing Should Focus On
2021-02-25,Why Beyond Meat Looks A Lot More Like GameStop Than Tesla
2021-03-02,"Rocket Companies stock soars 70%, mirroring GameStop rally"
2021-03-03,A 10-Year-Old GameStop Investor Cashed In. His Return? Over 5000%. (Published 2021)
2021-03-03,You Made Money on GameStop. Here's What You Need to Know About Taxes.
2021-03-04,Reddit chief: I was late to spot GameStop stock mania
2021-03-08,"GameStop takes its first steps in anticipated e-commerce shift, sparking a fresh rally; shares surge 35%"
2021-03-08,Chewy founder Ryan Cohen to lead major GameStop e-commerce shift
2021-03-08,Brenda Wenning column on GameStop
2021-03-09,Key takeaways from latest GameStop-Robinhood hearing
2021-03-10,GameStop drops by 40% in 25 minutes
2021-03-10,"GameStop shares rise, fall and rise again in rollercoaster day of trading"
2021-03-12,Why the GameStop story is far from over
2021-03-15,What’s Going On with GameStop?
2021-03-17,GameStop Stock's Get-Rich-Fast Trick Is Running Out
2021-03-17,GameStop: Reddit users investing in gorilla conservation
2021-03-19,GameStop stock surge lingo: Here's what Reddit's WallStreetBets vocabulary means
2021-03-22,Robinhood backlash: What you should know about the GameStop stock controversy
2021-03-22,Melvin Capital Is Facing Nine Lawsuits Related to the GameStop Frenzy
2021-03-23,GameStop lost $215 million in fiscal year; online sales gain
2021-03-23,"GameStop earnings fall short of expectations, but online sales offer some hope"
2021-03-24,"GameStop Crash Wipes Out $5 Billion In Market Value, But One Market Expert Says Shares Could Skyrocket Again"
2021-03-24,GameStop's wild ride: how Redditors took on Wall Street
2021-03-24,Most of GameStop's board to step down
2021-03-27,GameStop stock is 'extremely volatile' but can't be controlled: filing
2021-03-29,"GameStop: What Happened, and What It Means"
2021-04-08,"GameStop Taps Billionaire Investor Ryan Cohen As Board Chair, Sending Shares Surging Anew"
2021-04-08,The guy who started the GameStop mania will soon be chairman of the board
2021-04-08,GameStop says it will name Ryan Cohen chairman
2021-04-16,"‘Roaring Kitty’ forgoes quick GameStop options payday in the millions, raises stake"
2021-04-20,Wall Street darling Ryan Cohen's ambitious plan to transform GameStop
2021-04-25,GameStop's CEO Is Getting Millions on His Way Out. He's Not the Only One.
2021-04-26,GameStop shares jump after the Reddit favorite raises $551 million in stock sales
2021-05-03,"With new leadership in place, GameStop invests in its e-commerce future"
2021-05-03,"First GameStop, Now a Jersey Delicatessen"
2021-05-18,Mormon Church's $100 Billion Fund Made 900% Gain on GameStop Stock
2021-05-26,"GameStop, AMC extend rallies, gouging short sellers"
2021-05-28,"AMC, Gamestop: Meme stocks roar back, fueled by Reddit-inspired traders"
2021-06-03,GameStop Ushered in a New Generation of Barbarians at the Gate
2021-06-03,"AMC, GameStop and Hertz: What's Causing the Latest Meme Stock Swings?"
2021-06-06,"GameStop's Most Loyal Shareholders Are in It for the Long Haul, Not the Memes"
2021-06-09,"GameStop names former Amazon execs Matt Furlong, Mike Recupero as its new CEO, CFO"
2021-06-09,"GameStop sales rise 25% as retailer chases e-commerce growth, says it may sell 5 million shares"
2021-06-10,Financial Regulation After GameStop: The Game Will Go On!
2021-06-10,How AMC and GameStop became Reddit faves
2021-06-10,"GameStop taps Amazon Australia chief as CEO, may sell shares"
2021-06-11,Insight: GameStop lures Amazon talent with grand plans and no frills
2021-06-17,'To The Moon' - WSJ
2021-06-22,GameStop stock jumps after the original meme stock cashes in again with $1 billion share sale
2021-06-22,"London-Based Hedge Fund Closes After Betting Against GameStop, Becoming One Of First Meme Stock Casualties"
2021-06-22,GameStop Jumps After Raising $1.1 Billion in Stock Sale Plan
2021-06-22,GameStop is a SPAC now
2021-06-22,GameStop Just Made $1.1 Billion Selling Off Its Meme Stock
2021-06-22,GameStop raises more than $1 bln in latest share offer
2021-06-24,Forget AMC and Gamestop: 10 New Stocks Reddit's WallStreetBets Is Buying
2021-07-22,"Insight: Flush from Reddit rally, GameStop plots store revival"
2021-08-12,GameStop's Power Player: How Outsider Ryan Cohen Wrested Control
2021-08-16,"Mormon Church's $100 Billion Fund Sold GameStop Stock, Cut Tesla Stake"
2021-08-30,Meme stock investing guide: How to find the next GameStop
2021-09-06,GameStop return to S&P 500 in hands of index committee
2021-09-08,GameStop (GME) Option Traders Betting on Game Over
2021-09-15,GameStop Parts Ways With General Counsel Amid Retail Transition
2021-09-15,Teen arrested in front of Flagler Palm Coast High School after armed robbery of GameStop
2021-09-16,Could GameStop Stock Supercharge Your Portfolio?
2021-09-16,MassMutual fined $4M over employee’s role in GameStop frenzy
2021-09-16,MassMutual fined for failing to monitor GameStop saga star
2021-09-16,"MassMutual Fined for Failing to Oversee GameStop Trader Keith Gill, Others"
2021-09-16,Ex-Employer of GameStop Trader 'Roaring Kitty' Fined for Lack of Oversight (Published 2021)
2021-09-29,Ken Griffin Takes Fire Again Over Robinhood–GameStop Imbroglio | Chief Investment Officer
2021-10-18,A Full Guide to the GameStop Stock Trading Frenzy
2021-10-18,"U.S. SEC praises equity market structure, absolves short sellers in GameStop report"
2021-10-18,"After 9 months of investigation into GameStop stock frenzy, the SEC concludes that things got crazy for a second there"
2021-10-19,What actually happened during GameStop mania?
2021-10-19,SEC says GameStop's stock surge was more than just a simple short squeeze
2021-10-29,GameStop chief operating officer Owens leaves after 7 months
2021-11-08,"S.E.C. Describes the GameStop Frenzy, but Not What to Do About It (Published 2021)"
2021-11-14,Why a California Bartender Won't Stop Trolling Citadel's Ken Griffin
2021-12-08,GameStop's Stock Price Holds Steady—For Meme Stock
2021-12-09,Taking the Games Out of GameStop - WSJ
2021-12-09,GameStop lost $105 million in its third quarter
2021-12-09,GME Stock: Is GameStop Stock A Buy Or Sell As It Rallies Again?
2021-12-19,The year Reddit changed Wall Street forever
2021-12-21,GameStop to now Accept Shiba Inu and Dogecoin
